Rank,Title,Author,Rating,Format,Copies,Availability,Wait Time,Wait Weeks
1,The Women,Kristin Hannah,4.4,EBOOK,25.0,WAIT LIST,6 months,27.0
2,Five Total Strangers,Natalie D. Richards,3.5,EBOOK,12.0,AVAILABLE,No wait,0.0
3,It Ends With Us,Colleen Hoover,4.3,EBOOK,15.0,WAIT LIST,6 months,27.0
4,Funny Story,Emily Henry,4.2,EBOOK,18.0,WAIT LIST,6 months,27.0
5,Iron Flame,Rebecca Yarros,4.2,EBOOK,18.0,WAIT LIST,23 weeks,23.0
6,All the Colors of the Dark,Chris Whitaker,3.8,EBOOK,16.0,WAIT LIST,6 months,27.0
7,The Bone Witch,Rin Chupeco,4.0,EBOOK,4.0,AVAILABLE,No wait,0.0
8,Remarkably Bright Creatures,ShelVan Pelt,4.4,EBOOK,25.0,WAIT LIST,8 weeks,8.0
9,First Lie Wins,Ashley Elston,4.0,EBOOK,25.0,WAIT LIST,6 months,27.0
10,None of This Is True,Lisa Jewell,4.0,EBOOK,15.0,WAIT LIST,6 months,27.0
11,It Starts With Us,Colleen Hoover,4.0,EBOOK,5.0,WAIT LIST,6 months,27.0
12,I Will Find You,Harlan Coben,3.9,EBOOK,17.0,AVAILABLE,No wait,0.0
13,The Woman in Me,Britney Spears,3.8,EBOOK,20.0,WAIT LIST,2 weeks,2.0
14,The Quiet Girl,S. F. Kosa,3.6,EBOOK,6.0,AVAILABLE,No wait,0.0
15,The Last Thing He Told Me,Laura Dave,3.9,EBOOK,10.0,WAIT LIST,3 weeks,3.0
16,The God of the Woods,Liz Moore,3.9,EBOOK,17.0,WAIT LIST,6 months,27.0
17,Demon Copperhead,Barbara Kingsolver,4.2,EBOOK,2.0,WAIT LIST,6 months,27.0
18,The Paradise Problem,Christina Lauren,4.0,EBOOK,12.0,WAIT LIST,6 months,27.0
19,Here One Moment,Liane Moriarty,3.8,EBOOK,20.0,WAIT LIST,6 months,27.0
20,Happy Place,Emily Henry,3.8,EBOOK,12.0,WAIT LIST,6 months,27.0
21,One Summer in Savannah,Terah Shelton Harris,3.8,EBOOK,4.0,WAIT LIST,3 weeks,3.0
22,"River Woman, River Demon",Jennifer Givhan,3.3,EBOOK,1.0,AVAILABLE,No wait,0.0
23,A Very Typical Family,Sierra Godfrey,3.6,EBOOK,6.0,AVAILABLE,No wait,0.0
24,Before We Were Yours,Lisa Wingate,4.3,EBOOK,40.0,AVAILABLE,No wait,0.0
25,Hang the Moon,Jeannette Walls,3.7,EBOOK,16.0,AVAILABLE,No wait,0.0
26,The Heaven & Earth Grocery Store,James McBride,3.9,EBOOK,14.0,WAIT LIST,6 months,27.0
27,The Exchange,John Grisham,3.2,EBOOK,3.0,WAIT LIST,6 months,27.0
28,Simply Lies,David Baldacci,3.5,EBOOK,20.0,AVAILABLE,No wait,0.0
29,Fourth Wing,Rebecca Yarros,4.4,EBOOK,20.0,WAIT LIST,6 months,27.0
30,The Nightingale,Kristin Hannah,4.5,EBOOK,15.0,WAIT LIST,6 months,27.0
31,Eruption,Michael Crichton,3.4,EBOOK,11.0,WAIT LIST,6 months,27.0
32,Cross Down,James Patterson,4.1,EBOOK,12.0,WAIT LIST,2 weeks,2.0
33,The Boys in the Boat,Daniel James Brown,4.4,EBOOK,26.0,AVAILABLE,No wait,0.0
34,The 23rd Midnight,James Patterson,4.1,EBOOK,17.0,AVAILABLE,No wait,0.0
35,The Wedding People,Alison Espach,3.6,EBOOK,12.0,WAIT LIST,6 months,27.0
36,The Frozen River,Ariel Lawhon,4.3,EBOOK,15.0,WAIT LIST,6 months,27.0
37,Verity,Colleen Hoover,4.0,EBOOK,8.0,WAIT LIST,6 months,27.0
38,A World of Curiosities,Louise Penny,4.2,EBOOK,19.0,AVAILABLE,No wait,0.0
39,Tastes Like War,Grace M. Cho,3.9,EBOOK,3.0,WAIT LIST,2 weeks,2.0
40,Swan Song,Elin Hilderbrand,3.9,EBOOK,10.0,WAIT LIST,6 months,27.0
41,One Perfect Couple,Ruth Ware,3.8,EBOOK,9.0,WAIT LIST,6 months,27.0
42,The Waiting,Michael Connelly,4.2,EBOOK,12.0,WAIT LIST,6 months,27.0
43,Book of the Little Axe,Lauren Francis-Sharma,3.4,EBOOK,3.0,AVAILABLE,No wait,0.0
44,Lessons in Chemistry,Bonnie Garmus,4.2,EBOOK,16.0,WAIT LIST,6 months,27.0
45,Throne of Glass,Sarah J. Maas,4.5,EBOOK,15.0,WAIT LIST,6 months,27.0
46,The Pumpkin Spice Café,Laurie Gilmore,3.3,EBOOK,11.0,WAIT LIST,6 months,27.0
47,Hillbilly Elegy,J. D. Vance,3.5,EBOOK,0.0,WAIT LIST,Wait time: Not available,
48,Holly,Stephen King,3.8,EBOOK,15.0,WAIT LIST,3 weeks,3.0
49,The Covenant of Water,Abraham Verghese,4.1,EBOOK,18.0,WAIT LIST,13 weeks,13.0
50,Zero Days,Ruth Ware,3.6,EBOOK,12.0,AVAILABLE,No wait,0.0
51,Three-Inch Teeth,C. J. Box,4.0,EBOOK,15.0,WAIT LIST,2 weeks,2.0
52,Powerless,Lauren Roberts,4.2,EBOOK,14.0,WAIT LIST,6 months,27.0
53,Tell Me Everything,Elizabeth Strout,4.0,EBOOK,14.0,WAIT LIST,6 months,27.0
54,The Fury,Alex Michaelides,3.0,EBOOK,10.0,WAIT LIST,4 weeks,4.0
55,The Eight,Katherine Neville,3.8,EBOOK,1.0,WAIT LIST,12 weeks,12.0
56,Alex Cross Must Die,James Patterson,4.0,EBOOK,10.0,WAIT LIST,2 weeks,2.0
57,Part of Your World,AbJimenez,4.3,EBOOK,13.0,WAIT LIST,6 months,27.0
58,Oath and Honor,Liz Cheney,3.5,EBOOK,12.0,WAIT LIST,2 weeks,2.0
59,The Life Impossible,Matt Haig,2.7,EBOOK,15.0,WAIT LIST,6 months,27.0
60,The Briar Club,Kate Quinn,4.2,EBOOK,12.0,WAIT LIST,6 months,27.0
61,Den of Iniquity,J. A. Jance,4.1,EBOOK,11.0,WAIT LIST,6 months,27.0
62,Hello Beautiful,Ann Napolitano,3.9,EBOOK,10.0,WAIT LIST,6 months,27.0
63,Book Lovers,Emily Henry,4.2,EBOOK,6.0,WAIT LIST,6 months,27.0
64,Identity,Nora Roberts,4.0,EBOOK,18.0,AVAILABLE,No wait,0.0
65,"Tomorrow, and Tomorrow, and Tomorrow",Gabrielle Zevin,4.0,EBOOK,10.0,WAIT LIST,6 months,27.0
66,The Rom-Commers,Katherine Center,4.3,EBOOK,10.0,WAIT LIST,6 months,27.0
67,Toxic Prey,John Sandford,4.2,EBOOK,15.0,AVAILABLE,No wait,0.0
68,The River We Remember,William Kent Krueger,4.1,EBOOK,12.0,WAIT LIST,4 weeks,4.0
69,This is Why We Lied,Karin Slaughter,4.0,EBOOK,11.0,WAIT LIST,6 months,27.0
70,Lady Tan's Circle of Women,Lisa See,4.3,EBOOK,14.0,WAIT LIST,7 weeks,7.0
71,The Seven Husbands of Evelyn Hugo,Taylor Jenkins Reid,4.3,EBOOK,12.0,WAIT LIST,6 months,27.0
72,Heart Bones,Colleen Hoover,4.2,EBOOK,10.0,WAIT LIST,2 weeks,2.0
73,Think Twice,Harlan Coben,4.0,EBOOK,10.0,WAIT LIST,24 weeks,24.0
74,Spare,"Prince Harry, The Duke of Sussex",3.7,EBOOK,5.0,WAIT LIST,6 weeks,6.0
75,In Too Deep,Lee Child,3.5,EBOOK,16.0,WAIT LIST,6 months,27.0
76,James,Percival Everett,4.1,EBOOK,14.0,WAIT LIST,6 months,27.0
77,Yours Truly,AbJimenez,4.3,EBOOK,16.0,WAIT LIST,13 weeks,13.0
78,Home Is Where the Bodies Are,Jeneva Rose,3.5,EBOOK,1.0,WAIT LIST,6 months,27.0
79,Yellowface,R. F. Kuang,3.7,EBOOK,1.0,WAIT LIST,6 months,27.0
80,The Handmaid's Tale,Margaret Atwood,4.0,EBOOK,30.0,WAIT LIST,2 weeks,2.0
81,Storm Watch,C. J. Box,4.1,EBOOK,1.0,WAIT LIST,6 months,27.0
82,Dead Fall,Brad Thor,3.9,EBOOK,15.0,AVAILABLE,No wait,0.0
83,Bride,Ali Hazelwood,4.2,EBOOK,12.0,WAIT LIST,10 weeks,10.0
84,The Perfect Couple,Elin Hilderbrand,3.8,EBOOK,25.0,WAIT LIST,19 weeks,19.0
85,The Last Flight,Julie Clark,4.0,EBOOK,14.0,WAIT LIST,2 weeks,2.0
86,The Bee Sting,Paul Murray,3.2,EBOOK,10.0,WAIT LIST,13 weeks,13.0
87,Safe Enough,Lee Child,2.9,EBOOK,10.0,WAIT LIST,6 months,27.0
88,A Good Girl's Guide to Murder,Holly Jackson,4.3,EBOOK,9.0,WAIT LIST,6 months,27.0
89,Someone Else's Shoes,Jojo Moyes,3.8,EBOOK,3.0,WAIT LIST,6 months,27.0
90,The Midnight Feast,Lucy Foley,3.5,EBOOK,13.0,WAIT LIST,6 months,27.0
91,The House of Wolves,James Patterson,3.8,EBOOK,14.0,AVAILABLE,No wait,0.0
92,The True Love Experiment,Christina Lauren,4.1,EBOOK,15.0,WAIT LIST,No wait,0.0
93,Project Hail Mary,Andy Weir,4.5,EBOOK,11.0,WAIT LIST,6 months,27.0
94,A Court of Mist and Fury,Sarah J. Maas,4.7,EBOOK,11.0,WAIT LIST,6 months,27.0
95,The Five-Star Weekend,Elin Hilderbrand,3.9,EBOOK,20.0,WAIT LIST,2 weeks,2.0
96,The Great Alone,Kristin Hannah,4.2,EBOOK,12.0,WAIT LIST,6 months,27.0
97,The Hike,Alison Farrell,3.3,EBOOK,1.0,AVAILABLE,No wait,0.0
98,Passions in Death,J. D. Robb,4.2,EBOOK,10.0,WAIT LIST,6 months,27.0
99,Dirty Thirty,Janet Evanovich,4.0,EBOOK,15.0,WAIT LIST,2 weeks,2.0
100,Falling,T. J. Newman,3.8,EBOOK,2.0,WAIT LIST,6 months,27.0
101,The Thursday Murder Club,Richard Osman,3.9,EBOOK,8.0,WAIT LIST,6 months,27.0
102,The Invisible Life of Addie LaRue,V. E. Schwab,4.1,EBOOK,8.0,WAIT LIST,6 months,27.0
103,Little Fires Everywhere,Celeste Ng,4.1,EBOOK,38.0,AVAILABLE,No wait,0.0
104,I'm Glad My Mom Died,Jennette McCurdy,4.4,EBOOK,1.0,WAIT LIST,6 months,27.0
105,The Ministry of Time,Kaliane Bradley,3.4,EBOOK,10.0,WAIT LIST,6 months,27.0
106,Obsessed,James Patterson,4.0,EBOOK,12.0,AVAILABLE,No wait,0.0
107,Icebreaker,Hannah Grace,3.7,EBOOK,12.0,WAIT LIST,6 weeks,6.0
108,Counting the Cost,Jill Duggar,4.1,EBOOK,10.0,AVAILABLE,No wait,0.0
109,Inheritance,Nora Roberts,4.2,EBOOK,10.0,WAIT LIST,10 weeks,10.0
110,A Death in Cornwall,Daniel Silva,4.0,EBOOK,10.0,WAIT LIST,6 months,27.0
111,The Maid,Nita Prose,3.8,EBOOK,4.0,WAIT LIST,6 months,27.0
112,The Secret,Lee Child,3.8,EBOOK,2.0,WAIT LIST,6 weeks,6.0
113,Shadow of Doubt,Brad Thor,3.9,EBOOK,13.0,WAIT LIST,6 months,27.0
114,The Berry Pickers,Amanda Peters,4.0,EBOOK,10.0,WAIT LIST,6 months,27.0
115,The House in the Pines,Ana Reyes,2.7,EBOOK,3.0,WAIT LIST,16 weeks,16.0
116,Beach Read,Emily Henry,4.1,EBOOK,10.0,WAIT LIST,6 months,27.0
117,The Silent Patient,Alex Michaelides,4.0,EBOOK,15.0,WAIT LIST,20 weeks,20.0
118,The Brilliant Abyss,Helen Scales,3.6,EBOOK,1.0,WAIT LIST,6 weeks,6.0
119,Listen for the Lie,Amy Tintera,3.8,EBOOK,10.0,WAIT LIST,6 months,27.0
120,The Book Woman of Troublesome Creek,Kim Michele Richardson,4.2,EBOOK,15.0,AVAILABLE,No wait,0.0
121,Sandwich,Catherine Newman,3.2,EBOOK,10.0,WAIT LIST,6 months,27.0
122,The Year of Less,Cait Flanders,3.5,EBOOK,5.0,AVAILABLE,No wait,0.0
123,Too Late,Colleen Hoover,3.7,EBOOK,10.0,WAIT LIST,6 weeks,6.0
124,All the Light We Cannot See,Anthony Doerr,4.3,EBOOK,3.0,WAIT LIST,6 months,27.0
125,Pineapple Street,Jenny Jackson,3.5,EBOOK,1.0,WAIT LIST,6 months,27.0
126,The Anxious Generation,Jonathan Haidt,3.8,EBOOK,10.0,WAIT LIST,6 months,27.0
127,Hard to Kill,James Patterson,3.4,EBOOK,10.0,WAIT LIST,6 months,27.0
128,A Gentleman in Moscow,Amor Towles,4.2,EBOOK,22.0,AVAILABLE,No wait,0.0
129,House of Flame and Shadow,Sarah J. Maas,4.1,EBOOK,12.0,WAIT LIST,10 weeks,10.0
130,Cottage by the Sea,Debbie Macomber,3.9,EBOOK,20.0,AVAILABLE,No wait,0.0
131,Killers of the Flower Moon,David Grann,4.0,EBOOK,15.0,WAIT LIST,2 weeks,2.0
132,The Demon of Unrest,Erik Larson,3.5,EBOOK,12.0,WAIT LIST,6 months,27.0
133,Lilac Girls,Martha Hall Kelly,4.1,EBOOK,20.0,AVAILABLE,No wait,0.0
134,From Blood and Ash,Jennifer L. Armentrout,4.3,EBOOK,16.0,WAIT LIST,7 weeks,7.0
135,Butcher & Blackbird,Brynne Weaver,3.8,EBOOK,10.0,WAIT LIST,6 months,27.0
136,The Midnight Library,Matt Haig,4.0,EBOOK,8.0,WAIT LIST,6 months,27.0
137,It Ends With Us Series,Colleen Hoover,3.6,EBOOK,3.0,WAIT LIST,6 months,27.0
138,Be Ready When the Luck Happens,Ina Garten,4.3,EBOOK,10.0,WAIT LIST,6 months,27.0
139,All We Ever Wanted,Emily Giffin,3.8,EBOOK,20.0,AVAILABLE,No wait,0.0
140,By Any Other Name,Jodi Picoult,3.2,EBOOK,20.0,WAIT LIST,6 months,27.0
141,If He Had Been with Me,Laura Nowlin,4.3,EBOOK,8.0,WAIT LIST,7 weeks,7.0
142,Horse,Geraldine Brooks,4.1,EBOOK,6.0,WAIT LIST,6 months,27.0
143,Enough,Cassidy Hutchinson,3.4,EBOOK,8.0,AVAILABLE,No wait,0.0
144,Mrs Harris Goes to Paris & Mrs Harris Goes to New York,Paul Gallico,3.6,EBOOK,14.0,AVAILABLE,No wait,0.0
145,Joe Pickett,C. J. Box,3.6,EBOOK,1.0,WAIT LIST,6 months,27.0
146,We Used to Live Here,Marcus Kliewer,3.6,EBOOK,7.0,WAIT LIST,6 months,27.0
147,Red Sky Mourning,Jack Carr,3.8,EBOOK,8.0,WAIT LIST,6 months,27.0
148,A Calamity of Souls,David Baldacci,4.0,EBOOK,10.0,WAIT LIST,6 months,27.0
149,A Court of Frost and Starlight,Sarah J. Maas,4.2,EBOOK,9.0,WAIT LIST,6 months,27.0
150,The Seven Year Slip,Ashley Poston,4.1,EBOOK,9.0,WAIT LIST,6 months,27.0
151,Winter Garden,Kristin Hannah,4.2,EBOOK,7.0,WAIT LIST,6 months,27.0
152,"Holmes, Marple and Poe",James Patterson,3.7,EBOOK,8.0,AVAILABLE,No wait,0.0
153,Mad Honey,Jodi Picoult,3.8,EBOOK,6.0,WAIT LIST,19 weeks,19.0
154,A Court of Thorns and Roses,Sarah J. Maas,4.4,EBOOK,20.0,WAIT LIST,6 months,27.0
155,The Hunter,Tana French,4.1,EBOOK,10.0,WAIT LIST,10 weeks,10.0
156,The Restaurant,Pamela M. Kelley,3.8,EBOOK,3.0,AVAILABLE,No wait,0.0
157,Just for the Summer,AbJimenez,4.3,EBOOK,12.0,WAIT LIST,6 months,27.0
158,People We Meet on Vacation,Emily Henry,3.9,EBOOK,8.0,WAIT LIST,6 months,27.0
159,War,Bob Woodward,2.4,EBOOK,9.0,WAIT LIST,6 months,27.0
160,The Night We Lost Him,Laura Dave,3.4,EBOOK,12.0,WAIT LIST,6 months,27.0
161,The Choice,Nora Roberts,4.1,EBOOK,15.0,AVAILABLE,No wait,0.0
162,Camino Ghosts,John Grisham,3.8,EBOOK,15.0,WAIT LIST,6 months,27.0
163,Into the Water,Paula Hawkins,3.5,EBOOK,39.0,AVAILABLE,No wait,0.0
164,Lies He Told Me,James Patterson,3.8,EBOOK,10.0,WAIT LIST,6 months,27.0
165,Fairy Tale,Stephen King,4.1,EBOOK,1.0,WAIT LIST,6 months,27.0
166,Eleanor Oliphant Is Completely Fine,Gail Honeyman,4.2,EBOOK,18.0,WAIT LIST,2 weeks,2.0
167,The Measure,Nikki Erlick,3.6,EBOOK,67.0,AVAILABLE,No wait,0.0
168,Counting Miracles,Nicholas Sparks,3.8,EBOOK,15.0,WAIT LIST,6 months,27.0
169,The Edge,David Baldacci,3.9,EBOOK,13.0,WAIT LIST,6 weeks,6.0
170,Divine Rivals,Rebecca Ross,4.2,EBOOK,10.0,WAIT LIST,8 weeks,8.0
171,Maybe You Should Talk to Someone,Lori Gottlieb,4.2,EBOOK,25.0,WAIT LIST,2 weeks,2.0
172,Never Too Late,Danielle Steel,4.0,EBOOK,10.0,AVAILABLE,No wait,0.0
173,Table for Two,Amor Towles,4.0,EBOOK,13.0,WAIT LIST,25 weeks,25.0
174,Meet Me at the Lake,Carley Fortune,3.7,EBOOK,2.0,WAIT LIST,6 months,27.0
175,The Most Fun We Ever Had,Claire Lombardo,3.7,EBOOK,9.0,WAIT LIST,6 months,27.0
176,Pretty Girls,Karin Slaughter,4.1,EBOOK,2.0,WAIT LIST,6 months,27.0
177,Resurrection Walk,Michael Connelly,4.3,EBOOK,15.0,WAIT LIST,2 weeks,2.0
178,The Cinnamon Bun Book Store,Laurie Gilmore,3.2,EBOOK,13.0,WAIT LIST,6 months,27.0
179,One Dark Window,Rachel Gillig,3.9,EBOOK,7.0,WAIT LIST,6 months,27.0
180,Love on the Brain,Ali Hazelwood,4.0,EBOOK,1.0,WAIT LIST,6 months,27.0
181,House of Earth and Blood,Sarah J. Maas,4.3,EBOOK,17.0,WAIT LIST,16 weeks,16.0
182,Hieronymus Bosch,Michael Connelly,3.7,EBOOK,1.0,WAIT LIST,12 weeks,12.0
183,Bad Summer People,Emma Rosenblum,3.3,EBOOK,9.0,AVAILABLE,No wait,0.0
184,The Running Grave,Robert Galbraith,4.1,EBOOK,8.0,WAIT LIST,2 weeks,2.0
185,Love Lettering,Kate Clayborn,3.7,EBOOK,3.0,AVAILABLE,No wait,0.0
186,Atomic Habits,James Clear,4.2,EBOOK,12.0,WAIT LIST,6 months,27.0
187,Blue Sisters,Coco Mellors,2.9,EBOOK,10.0,WAIT LIST,6 months,27.0
188,Camino Winds,John Grisham,3.6,EBOOK,12.0,WAIT LIST,6 months,27.0
189,The Perfect Marriage,Jeneva Rose,3.6,EBOOK,2.0,WAIT LIST,6 months,27.0
190,Dark Matter,Blake Crouch,4.1,EBOOK,10.0,WAIT LIST,13 weeks,13.0
191,Girls' Night Out,J. A. Jance,3.7,EBOOK,10.0,WAIT LIST,3 weeks,3.0
192,Encore in Death,J. D. Robb,4.2,EBOOK,18.0,AVAILABLE,No wait,0.0
193,One True Loves,Taylor Jenkins Reid,4.0,EBOOK,4.0,WAIT LIST,6 months,27.0
194,The Lost Bookshop,Evie Woods,3.6,EBOOK,8.0,WAIT LIST,6 months,27.0
195,Drowning,T. J. Newman,3.8,EBOOK,14.0,AVAILABLE,No wait,0.0
196,The Last Letter,Rebecca Yarros,4.0,EBOOK,15.0,WAIT LIST,6 months,27.0
197,Ugly Love,Colleen Hoover,4.2,EBOOK,3.0,WAIT LIST,6 months,27.0
198,Every Summer After,Carley Fortune,4.2,EBOOK,3.0,WAIT LIST,6 months,27.0
199,Out of Nowhere,Sandra Brown,3.8,EBOOK,10.0,WAIT LIST,2 weeks,2.0
200,Our Missing Hearts,Celeste Ng,3.6,EBOOK,3.0,WAIT LIST,21 weeks,21.0
201,Intermezzo,Sally Rooney,3.6,EBOOK,10.0,WAIT LIST,6 months,27.0
202,"Red, White & Royal Blue",Casey McQuiston,4.2,EBOOK,8.0,AVAILABLE,No wait,0.0
203,Ready Player One,Ernest Cline,4.5,EBOOK,20.0,AVAILABLE,No wait,0.0
204,Ruthless Vows,Rebecca Ross,4.0,EBOOK,8.0,AVAILABLE,5 weeks,5.0
205,Tom Lake,Ann Patchett,3.8,EBOOK,6.0,WAIT LIST,6 months,27.0
206,The Disappeared,C. J. Box,4.0,EBOOK,25.0,AVAILABLE,No wait,0.0
207,No Brainer,Jeff Kinney,4.7,EBOOK,1.0,WAIT LIST,6 months,27.0
208,12 Months to Live,James Patterson,3.7,EBOOK,8.0,AVAILABLE,No wait,0.0
209,Magic Hour,Kristin Hannah,4.2,EBOOK,8.0,WAIT LIST,6 months,27.0
210,Random in Death,J. D. Robb,4.3,EBOOK,10.0,WAIT LIST,2 weeks,2.0
211,The Ballad of Songbirds and Snakes,Suzanne Collins,4.0,EBOOK,17.0,AVAILABLE,No wait,0.0
212,Joy,Danielle Steel,3.4,EBOOK,12.0,WAIT LIST,26 weeks,26.0
213,The Four Winds,Kristin Hannah,4.1,EBOOK,7.0,WAIT LIST,6 months,27.0
214,Dead Mountain,Douglas Preston,4.1,EBOOK,10.0,AVAILABLE,No wait,0.0
215,Elon Musk,Walter Isaacson,3.5,EBOOK,6.0,WAIT LIST,3 weeks,3.0
216,The Au Pair Affair,Tessa Bailey,3.4,EBOOK,7.0,WAIT LIST,6 months,27.0
217,Angel of Vengeance,Douglas Preston,3.8,EBOOK,10.0,WAIT LIST,24 weeks,24.0
218,The Boys from Biloxi,John Grisham,3.6,EBOOK,4.0,WAIT LIST,14 weeks,14.0
219,Payback in Death,J. D. Robb,4.3,EBOOK,12.0,WAIT LIST,2 weeks,2.0
220,Judgment Prey,John Sandford,4.0,EBOOK,2.0,WAIT LIST,12 weeks,12.0
221,The Secret Book of Flora Lea,Patti Callahan Henry,3.8,EBOOK,10.0,WAIT LIST,2 weeks,2.0
222,The Cabinet of Dr. Leng,Douglas Preston,3.8,EBOOK,12.0,AVAILABLE,No wait,0.0
223,The Wager,David Grann,4.1,EBOOK,9.0,WAIT LIST,25 weeks,25.0
224,"Love, Theoretically",Ali Hazelwood,4.3,EBOOK,3.0,WAIT LIST,6 months,27.0
225,The Girl in His Shadow,Audrey Blake,4.0,EBOOK,5.0,WAIT LIST,2 weeks,2.0
226,The Only One Left,Riley Sager,3.9,EBOOK,9.0,WAIT LIST,6 months,27.0
227,The Soulmate,Sally Hepworth,3.7,EBOOK,8.0,AVAILABLE,No wait,0.0
228,The Grey Wolf,Louise Penny,3.7,EBOOK,12.0,WAIT LIST,6 months,27.0
229,Capture or Kill,Vince Flynn,3.5,EBOOK,11.0,WAIT LIST,6 months,27.0
230,Hello Stranger,Katherine Center,4.0,EBOOK,8.0,WAIT LIST,2 weeks,2.0
231,The Hunger Games,Suzanne Collins,4.6,EBOOK,2.0,WAIT LIST,6 weeks,6.0
232,No Plan B,Lee Child,3.9,EBOOK,3.0,WAIT LIST,19 weeks,19.0
233,One Step Too Far,Lisa Gardner,4.2,EBOOK,2.0,WAIT LIST,24 weeks,24.0
234,Framed,John Grisham,2.9,EBOOK,14.0,WAIT LIST,6 months,27.0
235,Two by Two,Nicholas Sparks,3.9,EBOOK,20.0,AVAILABLE,No wait,0.0
236,Blackout,John J. Nance,3.9,EBOOK,1.0,WAIT LIST,2 weeks,2.0
237,You Shouldn't Have Come Here,Jeneva Rose,3.3,EBOOK,1.0,WAIT LIST,6 months,27.0
238,The Book Thief,Markus Zusak,4.3,EBOOK,40.0,WAIT LIST,2 weeks,2.0
239,Texas Ranger,James Patterson,3.8,EBOOK,16.0,AVAILABLE,No wait,0.0
240,Hopeless,Colleen Hoover,3.6,EBOOK,6.0,WAIT LIST,9 weeks,9.0
1,Hillbilly Elegy,J. D. Vance,3.9,AUDIOBOOK,10.0,WAIT LIST,6 months,27.0
2,The Women,Kristin Hannah,4.4,AUDIOBOOK,18.0,WAIT LIST,6 months,27.0
3,The Woman in Me,Britney Spears,3.8,AUDIOBOOK,15.0,AVAILABLE,No wait,0.0
4,It Ends With Us,Colleen Hoover,4.2,AUDIOBOOK,12.0,WAIT LIST,6 months,27.0
5,The Boyfriend,Freida McFadden,3.4,AUDIOBOOK,2.0,WAIT LIST,6 months,27.0
6,Funny Story,Emily Henry,4.1,AUDIOBOOK,14.0,WAIT LIST,6 months,27.0
7,So You Want to Talk about Race,Ijeoma Oluo,4.1,AUDIOBOOK,1.0,AVAILABLE,No wait,0.0
8,A Court of Thorns and Roses,Sarah J. Maas,4.1,AUDIOBOOK,6.0,WAIT LIST,6 months,27.0
9,None of This is True,Lisa Jewell,3.9,AUDIOBOOK,15.0,WAIT LIST,6 months,27.0
10,All the Colors of the Dark,Chris Whitaker,3.4,AUDIOBOOK,16.0,WAIT LIST,6 months,27.0
11,You Shouldn't Have Come Here,Jeneva Rose,3.2,AUDIOBOOK,,AVAILABLE,No wait,0.0
12,Fourth Wing,Rebecca Yarros,4.1,AUDIOBOOK,31.0,WAIT LIST,6 weeks,6.0
13,Iron Flame,Rebecca Yarros,4.1,AUDIOBOOK,44.0,AVAILABLE,No wait,0.0
14,Eruption,Michael Crichton,3.4,AUDIOBOOK,12.0,WAIT LIST,6 months,27.0
15,"Friends, Lovers, and the Big Terrible Thing",Matthew Perry,3.7,AUDIOBOOK,18.0,WAIT LIST,2 weeks,2.0
16,Apprentice to the Villain,Hannah Nicole Maehrer,3.3,AUDIOBOOK,1.0,WAIT LIST,6 months,27.0
17,A Court of Mist and Fury,Sarah J. Maas,4.4,AUDIOBOOK,3.0,WAIT LIST,6 months,27.0
18,It Starts With Us,Colleen Hoover,3.8,AUDIOBOOK,10.0,WAIT LIST,6 months,27.0
19,First Lie Wins,Ashley Elston,3.8,AUDIOBOOK,20.0,WAIT LIST,6 months,27.0
20,A Court of Silver Flames,Sarah J. Maas,4.2,AUDIOBOOK,9.0,WAIT LIST,6 months,27.0
21,101 Essays That Will Change the Way You Think,Brianna Wiest,3.6,AUDIOBOOK,,AVAILABLE,No wait,0.0
22,The Four Winds,Kristin Hannah,4.2,AUDIOBOOK,20.0,WAIT LIST,2 weeks,2.0
23,Never Lie,Freida McFadden,3.7,AUDIOBOOK,2.0,WAIT LIST,6 months,27.0
24,Dune,Frank Herbert,4.1,AUDIOBOOK,20.0,WAIT LIST,5 weeks,5.0
25,The Anxious Generation,Jonathan Haidt,3.6,AUDIOBOOK,15.0,WAIT LIST,6 months,27.0
26,Home Is Where the Bodies Are,Jeneva Rose,3.7,AUDIOBOOK,1.0,WAIT LIST,6 months,27.0
27,City of Thieves,David Benioff,4.3,AUDIOBOOK,4.0,AVAILABLE,No wait,0.0
28,The President Is Missing,James Patterson,3.5,AUDIOBOOK,22.0,AVAILABLE,No wait,0.0
29,Here One Moment,Liane Moriarty,3.7,AUDIOBOOK,14.0,WAIT LIST,6 months,27.0
30,Remarkably Bright Creatures,ShelVan Pelt,4.4,AUDIOBOOK,18.0,WAIT LIST,23 weeks,23.0
31,"Girl, Wash Your Face",Rachel Hollis,3.5,AUDIOBOOK,23.0,AVAILABLE,No wait,0.0
32,The Teacher,Freida McFadden,3.6,AUDIOBOOK,1.0,WAIT LIST,6 months,27.0
33,A Court of Wings and Ruin,Sarah J. Maas,4.4,AUDIOBOOK,4.0,WAIT LIST,6 months,27.0
34,Atomic Habits,James Clear,4.3,AUDIOBOOK,20.0,WAIT LIST,6 months,27.0
35,Crazy Rich Asians,Kevin Kwan,3.9,AUDIOBOOK,20.0,AVAILABLE,No wait,0.0
36,Becoming,Michelle Obama,4.2,AUDIOBOOK,30.0,WAIT LIST,2 weeks,2.0
37,Origin,Dan Brown,3.9,AUDIOBOOK,25.0,AVAILABLE,No wait,0.0
38,Camino Ghosts,John Grisham,3.5,AUDIOBOOK,10.0,WAIT LIST,24 weeks,24.0
39,Dirty Thirty,Janet Evanovich,4.0,AUDIOBOOK,10.0,WAIT LIST,2 weeks,2.0
40,Wool,Hugh Howey,3.9,AUDIOBOOK,,AVAILABLE,No wait,0.0
41,The New Jim Crow,Michelle Alexander,4.0,AUDIOBOOK,5.0,WAIT LIST,2 weeks,2.0
42,Listen for the Lie,Amy Tintera,3.8,AUDIOBOOK,15.0,WAIT LIST,6 months,27.0
43,Ready Player One,Ernest Cline,4.5,AUDIOBOOK,21.0,WAIT LIST,2 weeks,2.0
44,Long Road to Mercy,David Baldacci,3.9,AUDIOBOOK,15.0,AVAILABLE,No wait,0.0
45,Counting the Cost,Jill Duggar,3.5,AUDIOBOOK,10.0,AVAILABLE,No wait,0.0
46,The Wedding People,Alison Espach,3.7,AUDIOBOOK,12.0,WAIT LIST,6 months,27.0
47,The Frozen River,Ariel Lawhon,3.9,AUDIOBOOK,12.0,WAIT LIST,6 months,27.0
48,Where the Crawdads Sing,Delia Owens,4.3,AUDIOBOOK,20.0,AVAILABLE,No wait,0.0
49,Lights Out,Navessa Allen,3.2,AUDIOBOOK,1.0,WAIT LIST,6 months,27.0
50,The Idea of You,Robinne Lee,3.8,AUDIOBOOK,,AVAILABLE,No wait,0.0
51,A Wrinkle In Time,Madeleine L'Engle,4.0,AUDIOBOOK,18.0,WAIT LIST,2 weeks,2.0
52,Educated,Tara Westover,4.3,AUDIOBOOK,18.0,AVAILABLE,No wait,0.0
53,All the Light We Cannot See,Anthony Doerr,4.2,AUDIOBOOK,32.0,WAIT LIST,2 weeks,2.0
54,The Great Alone,Kristin Hannah,4.3,AUDIOBOOK,16.0,WAIT LIST,6 months,27.0
55,The Inmate,Freida McFadden,3.7,AUDIOBOOK,33.0,AVAILABLE,No wait,0.0
56,Happy Place,Emily Henry,3.7,AUDIOBOOK,8.0,WAIT LIST,6 months,27.0
57,The Midnight Feast,Lucy Foley,3.3,AUDIOBOOK,10.0,WAIT LIST,6 months,27.0
58,American Dirt (Oprah's Book Club),Jeanine Cummins,4.0,AUDIOBOOK,16.0,WAIT LIST,2 weeks,2.0
59,The Silent Patient,Alex Michaelides,4.0,AUDIOBOOK,18.0,WAIT LIST,21 weeks,21.0
60,Look Alive Twenty-Five,Janet Evanovich,4.0,AUDIOBOOK,17.0,AVAILABLE,No wait,0.0
61,The Midnight Line,Lee Child,4.0,AUDIOBOOK,22.0,AVAILABLE,No wait,0.0
62,Demon Copperhead,Barbara Kingsolver,4.0,AUDIOBOOK,10.0,WAIT LIST,20 weeks,20.0
63,The Fallen,David Baldacci,4.1,AUDIOBOOK,21.0,AVAILABLE,No wait,0.0
64,The Awakening,Susanne Valenti,3.1,AUDIOBOOK,1.0,WAIT LIST,6 months,27.0
65,The Subtle Art of Not Giving a F*ck,Mark Manson,3.7,AUDIOBOOK,25.0,WAIT LIST,2 weeks,2.0
66,Tom Lake,Ann Patchett,3.7,AUDIOBOOK,15.0,WAIT LIST,10 weeks,10.0
67,Do Not Disturb,Freida McFadden,3.7,AUDIOBOOK,1.0,WAIT LIST,6 months,27.0
68,Harry Potter and the Sorcerer's Stone,J. K. Rowling,4.7,AUDIOBOOK,10.0,WAIT LIST,6 months,27.0
69,The Coworker,Freida McFadden,3.5,AUDIOBOOK,1.0,WAIT LIST,6 months,27.0
70,The Heaven & Earth Grocery Store,James McBride,3.6,AUDIOBOOK,12.0,WAIT LIST,6 months,27.0
71,The Last Thing He Told Me,Laura Dave,3.9,AUDIOBOOK,10.0,WAIT LIST,2 weeks,2.0
72,The Ballad of Songbirds and Snakes,Suzanne Collins,4.0,AUDIOBOOK,15.0,WAIT LIST,13 weeks,13.0
73,The Old Man,Thomas Perry,3.9,AUDIOBOOK,3.0,WAIT LIST,5 weeks,5.0
74,The Invisible Life of Addie LaRue,V. E. Schwab,4.1,AUDIOBOOK,17.0,WAIT LIST,9 weeks,9.0
75,Nine Perfect Strangers,Liane Moriarty,3.6,AUDIOBOOK,15.0,WAIT LIST,2 weeks,2.0
76,Swan Song,Elin Hilderbrand,3.7,AUDIOBOOK,8.0,WAIT LIST,6 months,27.0
77,Bride,Ali Hazelwood,4.0,AUDIOBOOK,11.0,WAIT LIST,15 weeks,15.0
78,Lessons in Chemistry,Bonnie Garmus,4.2,AUDIOBOOK,17.0,WAIT LIST,6 months,27.0
79,The Dutch House,Ann Patchett,4.1,AUDIOBOOK,16.0,AVAILABLE,No wait,0.0
80,The Guest List,Lucy Foley,3.8,AUDIOBOOK,18.0,WAIT LIST,2 weeks,2.0
81,Before We Were Yours,Lisa Wingate,4.4,AUDIOBOOK,18.0,WAIT LIST,2 weeks,2.0
82,Fear,Bob Woodward,3.6,AUDIOBOOK,20.0,AVAILABLE,No wait,0.0
83,Redemption,David Baldacci,4.0,AUDIOBOOK,15.0,AVAILABLE,No wait,0.0
84,Simply Lies,David Baldacci,3.6,AUDIOBOOK,15.0,WAIT LIST,2 weeks,2.0
85,Pretty Girls,Karin Slaughter,4.0,AUDIOBOOK,,AVAILABLE,No wait,0.0
86,The Giver of Stars,Jojo Moyes,4.2,AUDIOBOOK,12.0,WAIT LIST,2 weeks,2.0
87,A Court of Frost and Starlight,Sarah J. Maas,4.0,AUDIOBOOK,1.0,WAIT LIST,6 months,27.0
88,The God of the Woods,Liz Moore,3.6,AUDIOBOOK,14.0,WAIT LIST,6 months,27.0
89,Safe Enough,Lee Child,2.9,AUDIOBOOK,1.0,WAIT LIST,24 weeks,24.0
90,We Used to Live Here,Marcus Kliewer,3.4,AUDIOBOOK,10.0,WAIT LIST,6 months,27.0
91,The Covenant of Water,Abraham Verghese,4.0,AUDIOBOOK,68.0,AVAILABLE,No wait,0.0
92,One by One,Freida McFadden,3.6,AUDIOBOOK,1.0,WAIT LIST,6 months,27.0
93,Fire and Fury,Michael Wolff,3.4,AUDIOBOOK,15.0,AVAILABLE,No wait,0.0
94,A Higher Loyalty,James Comey,3.8,AUDIOBOOK,16.0,AVAILABLE,No wait,0.0
95,Part of Your World,AbJimenez,4.4,AUDIOBOOK,10.0,WAIT LIST,6 months,27.0
96,The Rooster Bar,John Grisham,3.8,AUDIOBOOK,25.0,AVAILABLE,No wait,0.0
97,The Midnight Library,Matt Haig,4.0,AUDIOBOOK,10.0,WAIT LIST,6 months,27.0
98,Leather & Lark,Brynne Weaver,3.6,AUDIOBOOK,1.0,WAIT LIST,6 months,27.0
99,Twisted Games,Ana Huang,3.7,AUDIOBOOK,3.0,WAIT LIST,6 months,27.0
100,The Maid,Nita Prose,3.9,AUDIOBOOK,4.0,WAIT LIST,6 months,27.0
101,"House of Earth and Blood, Part 1",Sarah J. Maas,3.3,AUDIOBOOK,1.0,WAIT LIST,6 months,27.0
102,The Reckoning,John Grisham,3.6,AUDIOBOOK,17.0,WAIT LIST,2 weeks,2.0
103,You Are a Badass,Jen Sincero,3.9,AUDIOBOOK,10.0,WAIT LIST,2 weeks,2.0
104,Be Ready When the Luck Happens,Ina Garten,4.2,AUDIOBOOK,8.0,WAIT LIST,6 months,27.0
105,The Waiting,Michael Connelly,4.1,AUDIOBOOK,12.0,WAIT LIST,6 months,27.0
106,Daring Greatly,"Brene Brown PhD, LMSW",4.1,AUDIOBOOK,6.0,AVAILABLE,No wait,0.0
107,Just for the Summer,AbJimenez,4.2,AUDIOBOOK,12.0,WAIT LIST,6 months,27.0
108,"Fourth Wing, Part 1",Rebecca Yarros,4.4,AUDIOBOOK,1.0,WAIT LIST,6 months,27.0
109,Throne of Glass,Sarah J. Maas,4.1,AUDIOBOOK,13.0,WAIT LIST,6 months,27.0
110,Two Kinds of Truth,Michael Connelly,4.1,AUDIOBOOK,17.0,AVAILABLE,No wait,0.0
111,Divine Rivals,Rebecca Ross,4.0,AUDIOBOOK,10.0,WAIT LIST,18 weeks,18.0
112,The Exchange,John Grisham,3.2,AUDIOBOOK,1.0,WAIT LIST,6 months,27.0
113,The Lost Apothecary,Sarah Penner,3.7,AUDIOBOOK,6.0,WAIT LIST,3 weeks,3.0
114,Mad Honey,Jodi Picoult,3.8,AUDIOBOOK,8.0,WAIT LIST,6 months,27.0
115,Twisted Twenty-Six,Janet Evanovich,4.1,AUDIOBOOK,12.0,WAIT LIST,2 weeks,2.0
116,The Widow's Husband's Secret Lie,Freida McFadden,3.6,AUDIOBOOK,1.0,WAIT LIST,6 months,27.0
117,The Seven Husbands of Evelyn Hugo,Taylor Jenkins Reid,4.2,AUDIOBOOK,10.0,WAIT LIST,6 months,27.0
118,The Fix,David Baldacci,4.1,AUDIOBOOK,15.0,AVAILABLE,No wait,0.0
119,One True Loves,Taylor Jenkins Reid,4.0,AUDIOBOOK,3.0,WAIT LIST,24 weeks,24.0
120,Harry Potter and the Chamber of Secrets,J. K. Rowling,4.7,AUDIOBOOK,5.0,WAIT LIST,6 months,27.0
121,James,Percival Everett,3.8,AUDIOBOOK,10.0,WAIT LIST,6 months,27.0
122,One Perfect Couple,Ruth Ware,3.7,AUDIOBOOK,7.0,WAIT LIST,6 months,27.0
123,Ward D,Freida McFadden,3.6,AUDIOBOOK,1.0,WAIT LIST,6 months,27.0
124,The Wife Upstairs,Freida McFadden,3.9,AUDIOBOOK,1.0,WAIT LIST,6 months,27.0
125,The Perfect Marriage,Jeneva Rose,3.7,AUDIOBOOK,3.0,WAIT LIST,6 months,27.0
126,Little Fires Everywhere,Celeste Ng,4.0,AUDIOBOOK,15.0,AVAILABLE,No wait,0.0
127,Dark Sacred Night,Christine Lakin,4.1,AUDIOBOOK,15.0,WAIT LIST,2 weeks,2.0
128,Red Rising,Pierce Brown,4.1,AUDIOBOOK,7.0,WAIT LIST,6 months,27.0
129,"House of Sky and Breath, Part 1",Sarah J. Maas,3.4,AUDIOBOOK,1.0,WAIT LIST,6 months,27.0
130,The Hate U Give,Angie Thomas,4.5,AUDIOBOOK,10.0,AVAILABLE,No wait,0.0
131,The Woman in the Library,Sulari Gentill,3.1,AUDIOBOOK,1.0,WAIT LIST,2 weeks,2.0
132,The Thursday Murder Club,Richard Osman,3.7,AUDIOBOOK,10.0,WAIT LIST,6 months,27.0
133,Yellowface,R. F. Kuang,3.7,AUDIOBOOK,10.0,WAIT LIST,3 weeks,3.0
134,The Secret,Lee Child,3.7,AUDIOBOOK,7.0,WAIT LIST,4 weeks,4.0
135,The Fury,Alex Michaelides,3.0,AUDIOBOOK,9.0,WAIT LIST,4 weeks,4.0
136,The Small and the Mighty,Sharon McMahon,3.4,AUDIOBOOK,11.0,WAIT LIST,6 months,27.0
137,The Third Gilmore Girl,Kelly Bishop,4.0,AUDIOBOOK,8.0,WAIT LIST,6 months,27.0
138,Daisy Jones & the Six,Taylor Jenkins Reid,4.1,AUDIOBOOK,6.0,WAIT LIST,18 weeks,18.0
139,Oath and Honor,Liz Cheney,3.6,AUDIOBOOK,10.0,WAIT LIST,No wait,0.0
140,Greenlights,Matthew McConaughey,4.1,AUDIOBOOK,5.0,WAIT LIST,6 months,27.0
141,The Rose Code,Kate Quinn,4.2,AUDIOBOOK,11.0,WAIT LIST,3 weeks,3.0
142,A World of Curiosities,Louise Penny,4.1,AUDIOBOOK,13.0,AVAILABLE,No wait,0.0
143,End Game,David Baldacci,4.0,AUDIOBOOK,15.0,WAIT LIST,2 weeks,2.0
144,Good Energy,"Casey Means, MD",3.3,AUDIOBOOK,13.0,WAIT LIST,6 months,27.0
145,The Summer I Turned Pretty,Jenny Han,4.1,AUDIOBOOK,7.0,WAIT LIST,2 weeks,2.0
146,The Briar Club,Kate Quinn,3.9,AUDIOBOOK,9.0,WAIT LIST,6 months,27.0
147,Sandwich,Catherine Newman,3.2,AUDIOBOOK,6.0,WAIT LIST,6 months,27.0
148,The Last Widow,Karin Slaughter,4.0,AUDIOBOOK,4.0,WAIT LIST,2 weeks,2.0
149,Hang the Moon,Jeannette Walls,3.5,AUDIOBOOK,10.0,WAIT LIST,2 weeks,2.0
150,The Things We Leave Unfinished,Rebecca Yarros,3.8,AUDIOBOOK,,AVAILABLE,No wait,0.0
151,Then She Was Gone,Lisa Jewell,4.0,AUDIOBOOK,7.0,WAIT LIST,20 weeks,20.0
152,"Fourth Wing, Part 2",Rebecca Yarros,4.4,AUDIOBOOK,7.0,WAIT LIST,5 weeks,5.0
153,I'm Glad My Mom Died,Jennette McCurdy,4.4,AUDIOBOOK,4.0,WAIT LIST,6 months,27.0
154,Golden in Death,J. D. Robb,4.0,AUDIOBOOK,8.0,WAIT LIST,2 weeks,2.0
155,The Body Keeps the Score,"Bessel van der Kolk, M.D.",4.2,AUDIOBOOK,12.0,WAIT LIST,6 months,27.0
156,Blue Moon,Lee Child,4.0,AUDIOBOOK,16.0,AVAILABLE,No wait,0.0
157,The 23rd Midnight,James Patterson,4.0,AUDIOBOOK,12.0,AVAILABLE,No wait,0.0
158,"Tomorrow, and Tomorrow, and Tomorrow",Gabrielle Zevin,3.7,AUDIOBOOK,8.0,WAIT LIST,6 months,27.0
159,The Paradise Problem,Christina Lauren,3.8,AUDIOBOOK,8.0,WAIT LIST,6 months,27.0
160,Camino Island,John Grisham,3.8,AUDIOBOOK,15.0,WAIT LIST,2 weeks,2.0
161,Adult Children of Emotionally Immature Parents,"Lindsay C. Gibson, PsyD",4.4,AUDIOBOOK,2.0,WAIT LIST,6 months,27.0
162,Never Too Late,Danielle Steel,3.1,AUDIOBOOK,1.0,WAIT LIST,6 months,27.0
163,Cold Mourning,Brenda Chapman,3.5,AUDIOBOOK,1.0,AVAILABLE,No wait,0.0
164,Mind Games,Nora Roberts,3.9,AUDIOBOOK,7.0,WAIT LIST,6 months,27.0
165,Mother-Daughter Murder Night,Nina Simon,3.5,AUDIOBOOK,9.0,WAIT LIST,2 weeks,2.0
166,From Here to the Great Unknown,Lisa Marie Presley,3.7,AUDIOBOOK,10.0,WAIT LIST,6 months,27.0
167,I'll Be Gone in the Dark,Michelle McNamara,4.0,AUDIOBOOK,12.0,WAIT LIST,2 weeks,2.0
168,Upside Down,Danielle Steel,3.7,AUDIOBOOK,1.0,WAIT LIST,4 weeks,4.0
169,Mile High,Liz Tomforde,3.4,AUDIOBOOK,1.0,WAIT LIST,6 months,27.0
170,The Witch Collector,Charissa Weaks,2.9,AUDIOBOOK,1.0,WAIT LIST,6 months,27.0
171,The Tattooist of Auschwitz,Heather Morris,4.4,AUDIOBOOK,14.0,WAIT LIST,2 weeks,2.0
172,"Funny, You Don't Look Autistic",Michael McCreary,3.8,AUDIOBOOK,1.0,WAIT LIST,2 weeks,2.0
173,The Maidens,Alex Michaelides,3.4,AUDIOBOOK,10.0,WAIT LIST,2 weeks,2.0
174,City of Girls,Elizabeth Gilbert,3.9,AUDIOBOOK,11.0,WAIT LIST,2 weeks,2.0
175,Better Off Dead,Lee Child,3.7,AUDIOBOOK,1.0,WAIT LIST,12 weeks,12.0
176,Harry Potter and the Prisoner of Azkaban,J. K. Rowling,4.7,AUDIOBOOK,5.0,WAIT LIST,6 months,27.0
177,The Woman in the Window,A. J. Finn,3.6,AUDIOBOOK,13.0,AVAILABLE,No wait,0.0
178,The Power of Habit,Charles Duhigg,4.2,AUDIOBOOK,16.0,WAIT LIST,2 weeks,2.0
179,System Collapse,Martha Wells,4.0,AUDIOBOOK,1.0,WAIT LIST,22 weeks,22.0
180,Past Tense,Lee Child,4.0,AUDIOBOOK,15.0,AVAILABLE,No wait,0.0
181,Butcher & Blackbird,Brynne Weaver,3.8,AUDIOBOOK,10.0,WAIT LIST,6 months,27.0
182,The Last Murder at the End of the World,Stuart Turton,2.8,AUDIOBOOK,,AVAILABLE,No wait,0.0
183,The 17th Suspect,James Patterson,4.0,AUDIOBOOK,14.0,AVAILABLE,No wait,0.0
184,Three Wishes,Liane Moriarty,3.8,AUDIOBOOK,5.0,WAIT LIST,2 weeks,2.0
185,What Happened,Hillary Rodham Clinton,3.3,AUDIOBOOK,10.0,AVAILABLE,No wait,0.0
186,A Good Girl's Guide to Murder,Holly Jackson,4.1,AUDIOBOOK,8.0,WAIT LIST,6 months,27.0
187,Dare to Lead,Brené Brown,4.1,AUDIOBOOK,15.0,WAIT LIST,2 weeks,2.0
188,Outlander,Diana Gabaldon,4.1,AUDIOBOOK,4.0,WAIT LIST,24 weeks,24.0
189,The River We Remember,William Kent Krueger,3.8,AUDIOBOOK,8.0,WAIT LIST,3 weeks,3.0
190,Hardcore Twenty-Four,Janet Evanovich,4.0,AUDIOBOOK,18.0,AVAILABLE,No wait,0.0
191,When the Moon Hatched,Sarah A. Parker,3.0,AUDIOBOOK,7.0,WAIT LIST,6 months,27.0
192,Hooked,Emily McIntire,3.2,AUDIOBOOK,,AVAILABLE,No wait,0.0
193,Bits and Pieces,Whoopi Goldberg,3.6,AUDIOBOOK,1.0,WAIT LIST,6 months,27.0
194,Braiding Sweetgrass,Robin Wall Kimmerer,4.3,AUDIOBOOK,3.0,WAIT LIST,6 months,27.0
195,The Guardians,John Grisham,4.0,AUDIOBOOK,10.0,WAIT LIST,2 weeks,2.0
196,Book Lovers,Emily Henry,4.2,AUDIOBOOK,10.0,WAIT LIST,6 months,27.0
197,Shift,Hugh Howey,3.9,AUDIOBOOK,,AVAILABLE,No wait,0.0
198,Shadows Reel,C. J. Box,4.0,AUDIOBOOK,9.0,AVAILABLE,No wait,0.0
199,Ruthless Vows,Rebecca Ross,3.6,AUDIOBOOK,8.0,WAIT LIST,6 months,27.0
200,The Running Grave,Robert Galbraith,4.3,AUDIOBOOK,7.0,WAIT LIST,2 weeks,2.0
201,The Late Show,Michael Connelly,3.9,AUDIOBOOK,14.0,WAIT LIST,2 weeks,2.0
202,Beautiful Day,Elin Hilderbrand,3.8,AUDIOBOOK,5.0,WAIT LIST,2 weeks,2.0
203,Y is for Yesterday,Sue Grafton,3.9,AUDIOBOOK,14.0,AVAILABLE,No wait,0.0
204,The Very Secret Society of Irregular Witches,Sangu Mandanna,3.9,AUDIOBOOK,10.0,WAIT LIST,6 months,27.0
205,Revenge of the Tipping Point,Malcolm Gladwell,3.8,AUDIOBOOK,8.0,WAIT LIST,6 months,27.0
206,How to Win Friends and Influence People,Dale Carnegie,4.3,AUDIOBOOK,10.0,WAIT LIST,19 weeks,19.0
207,Twisted Hate,Ana Huang,3.7,AUDIOBOOK,2.0,WAIT LIST,25 weeks,25.0
208,In Too Deep,Lee Child,2.9,AUDIOBOOK,10.0,WAIT LIST,6 months,27.0
209,Enough,Cassidy Hutchinson,3.4,AUDIOBOOK,8.0,AVAILABLE,No wait,0.0
210,The Pumpkin Spice Café,Laurie Gilmore,3.2,AUDIOBOOK,8.0,WAIT LIST,6 months,27.0
211,Eleanor Oliphant Is Completely Fine,Gail Honeyman,4.1,AUDIOBOOK,14.0,WAIT LIST,2 weeks,2.0
212,The Fine Print,Lauren Asher,3.5,AUDIOBOOK,,AVAILABLE,No wait,0.0
213,The Good Sister,Sally Hepworth,4.1,AUDIOBOOK,8.0,WAIT LIST,2 weeks,2.0
214,The Girl Who Takes an Eye for an Eye,David Lagercrantz,3.9,AUDIOBOOK,8.0,AVAILABLE,No wait,0.0
215,Filthy Rich Fae,Geneva Lee,3.6,AUDIOBOOK,1.0,WAIT LIST,6 months,27.0
216,Open Book,Jessica Simpson,4.0,AUDIOBOOK,10.0,AVAILABLE,No wait,0.0
217,Killers of the Flower Moon,David Grann,3.8,AUDIOBOOK,6.0,WAIT LIST,6 weeks,6.0
218,The Five-Star Weekend,Elin Hilderbrand,3.8,AUDIOBOOK,15.0,WAIT LIST,2 weeks,2.0
219,It's Not Summer Without You,Jenny Han,4.1,AUDIOBOOK,3.0,WAIT LIST,4 weeks,4.0
220,The Whistler,John Grisham,3.8,AUDIOBOOK,18.0,WAIT LIST,2 weeks,2.0
221,Deep Freeze,John Sandford,4.0,AUDIOBOOK,9.0,AVAILABLE,No wait,0.0
222,Maybe in Another Life,Taylor Jenkins Reid,3.9,AUDIOBOOK,2.0,WAIT LIST,3 weeks,3.0
223,The Assassin's Blade,Sarah J. Maas,4.2,AUDIOBOOK,8.0,WAIT LIST,6 months,27.0
224,All the Dangerous Things,Stacy Willingham,3.8,AUDIOBOOK,12.0,WAIT LIST,2 weeks,2.0
225,"House of Sky and Breath, Part 2",Sarah J. Maas,3.3,AUDIOBOOK,1.0,WAIT LIST,6 months,27.0
226,Framed,John Grisham,3.5,AUDIOBOOK,8.0,WAIT LIST,6 months,27.0
227,Into the Water,Paula Hawkins,3.5,AUDIOBOOK,15.0,WAIT LIST,2 weeks,2.0
228,Resurrection Walk,Michael Connelly,4.2,AUDIOBOOK,8.0,WAIT LIST,2 weeks,2.0
229,The Diamond Eye,Kate Quinn,4.0,AUDIOBOOK,10.0,WAIT LIST,2 weeks,2.0
230,Being Henry,Henry Winkler,4.1,AUDIOBOOK,8.0,WAIT LIST,2 weeks,2.0
231,Harry Potter and the Order of the Phoenix,J. K. Rowling,4.7,AUDIOBOOK,7.0,WAIT LIST,6 months,27.0
232,A Game of Thrones,George R. R. Martin,4.4,AUDIOBOOK,31.0,WAIT LIST,4 weeks,4.0
233,Night School,Lee Child,3.9,AUDIOBOOK,18.0,AVAILABLE,No wait,0.0
234,Outlive,"Peter Attia, MD",3.9,AUDIOBOOK,10.0,WAIT LIST,6 months,27.0
235,Palazzo,Danielle Steel,3.5,AUDIOBOOK,1.0,WAIT LIST,4 weeks,4.0
236,The Order,Daniel Silva,3.5,AUDIOBOOK,8.0,AVAILABLE,No wait,0.0
237,The Only One Left,Riley Sager,3.7,AUDIOBOOK,7.0,WAIT LIST,6 months,27.0
238,The Berry Pickers,Amanda Peters,3.6,AUDIOBOOK,1.0,WAIT LIST,6 months,27.0
239,The Edge,David Baldacci,3.8,AUDIOBOOK,8.0,WAIT LIST,3 weeks,3.0
240,If You Would Have Told Me,John Stamos,3.7,AUDIOBOOK,8.0,WAIT LIST,2 weeks,2.0
